{
    "timestamp": "20250515_191924",
    "best_params": {
        "rolling_volatility_window": 44,
        "trix_period": 28,
        "tema_period": 60,
        "bbands_period": 25,
        "macd_fast": 18,
        "macd_slow": 20,
        "obv_window": 38,
        "ewma_span": 3,
        "num_leaves": 30,
        "learning_rate": 0.04356930252783404,
        "n_estimators": 427,
        "min_child_samples": 29,
        "subsample": 0.8879338683707031,
        "colsample_bytree": 0.7755247010552636,
        "reg_alpha": 0.6109400207630106,
        "reg_lambda": 0.5255247564819954
    },
    "accuracy": 0.5303,
    "precision": 0.5305,
    "recall": 0.448,
    "f1_score": 0.4857,
    "duration_seconds": 1731.29,
    "portfolio_balances": {
        "dynamic": 10334.47,
        "balanced": 10227.0,
        "ultra_aggressive": 10443.18
    }
}