{
    "timestamp": "20250515_112003",
    "best_params": {
        "rolling_volatility_window": 33,
        "trix_period": 32,
        "tema_period": 57,
        "bbands_period": 22,
        "macd_fast": 10,
        "macd_slow": 14,
        "obv_window": 36,
        "ewma_span": 37,
        "num_leaves": 60,
        "learning_rate": 0.04833443797371575,
        "n_estimators": 280,
        "min_child_samples": 14,
        "subsample": 0.6598598568956542,
        "colsample_bytree": 0.7448786320708266,
        "reg_alpha": 0.8229968552913228,
        "reg_lambda": 0.8737772521708828
    },
    "accuracy": 0.5493,
    "precision": 0.5571,
    "recall": 0.436,
    "f1_score": 0.4892,
    "duration_seconds": 1769.38,
    "portfolio_balances": {
        "dynamic": 10484.09,
        "balanced": 10363.78,
        "ultra_aggressive": 10560.77
    }
}