{
    "timestamp": "20250515_181639",
    "best_params": {
        "rolling_volatility_window": 34,
        "trix_period": 29,
        "tema_period": 24,
        "bbands_period": 18,
        "macd_fast": 8,
        "macd_slow": 23,
        "obv_window": 20,
        "ewma_span": 38,
        "num_leaves": 31,
        "learning_rate": 0.03395274804911003,
        "n_estimators": 397,
        "min_child_samples": 21,
        "subsample": 0.8881502168258709,
        "colsample_bytree": 0.6439588420499176,
        "reg_alpha": 0.808753845147895,
        "reg_lambda": 0.7728561103017976
    },
    "accuracy": 0.5462,
    "precision": 0.5486,
    "recall": 0.4879,
    "f1_score": 0.5165,
    "duration_seconds": 1565.61,
    "portfolio_balances": {
        "dynamic": 10490.26,
        "balanced": 10292.85,
        "ultra_aggressive": 10501.4
    }
}