{
    "timestamp": "20250515_011520",
    "best_params": {
        "rolling_volatility_window": 18,
        "trix_period": 32,
        "tema_period": 35,
        "bbands_period": 37,
        "macd_fast": 10,
        "macd_slow": 13,
        "obv_window": 9,
        "ewma_span": 24,
        "num_leaves": 61,
        "learning_rate": 0.059920257759298295,
        "n_estimators": 371,
        "min_child_samples": 11,
        "subsample": 0.7723880264123839,
        "colsample_bytree": 0.7002243295598367,
        "reg_alpha": 0.7054501896212235,
        "reg_lambda": 0.5570433119658863
    },
    "accuracy": 0.5151,
    "precision": 0.5706,
    "recall": 0.1812,
    "f1_score": 0.275,
    "duration_seconds": 1486.52,
    "portfolio_balances": {
        "dynamic": 10208.8,
        "balanced": 10115.71,
        "ultra_aggressive": 10291.81
    }
}